date,average_glucose,median_glucose,min_glucose,max_glucose,reading_count
2018-06-13,146.6884735202492,129.0,40.0,332.0,107
2018-06-14,138.3130787037037,139.83333333333331,40.0,300.0,864
2018-06-15,166.69915674603175,146.0,52.0,366.0,864
2018-06-16,138.56241732804233,127.33333333333331,40.0,294.0,864
2018-06-17,154.51041666666666,143.0,58.0,310.0,864
2018-06-18,158.77546296296296,149.0,40.0,346.0,864
2018-06-19,123.96469907407408,106.66666666666669,40.0,351.0,864
2018-06-20,131.96238425925927,117.0,40.0,367.0,864
2018-06-21,148.06944444444446,129.0,51.0,400.0,864
2018-06-22,148.43055555555554,132.0,40.0,400.0,864
2018-06-23,154.94907407407408,130.0,40.0,444.0,864
2018-06-24,128.73259860788863,126.0,40.0,292.0,862
2018-06-25,177.25173611111111,168.0,63.0,331.0,576
2018-06-26,152.14634146341464,154.0,57.0,333.0,574
2018-06-27,219.05902777777777,226.99999999999994,116.0,333.0,288
2018-07-09,165.44097893558563,156.66666666666666,42.0,337.0,317
2018-07-10,163.86284722222223,151.5,40.0,411.0,864
2018-07-11,148.46527777777777,136.0,43.0,316.0,864
2018-07-12,154.39814814814815,140.5,41.0,379.0,864
2018-07-13,152.5474537037037,139.0,42.0,367.0,864
2018-07-14,141.07696759259258,128.16666666666669,46.0,382.0,864
2018-07-15,161.01736111111111,167.16666666666669,40.0,367.5,864
2018-07-16,189.77951388888889,171.0,50.0,406.0,864
2018-07-17,175.06258322237017,158.0,47.0,438.0,751
2018-07-18,157.33159722222223,161.33333333333331,40.0,300.0,576
2018-07-19,209.10069444444446,229.5,74.0,331.0,576
2018-07-20,144.87755102040816,136.0,43.0,351.0,490
2018-07-21,155.08333333333334,157.83333333333331,95.0,230.0,288
2018-07-22,181.1048951048951,184.0,45.0,254.0,286
2018-09-19,190.73727116704808,203.5,53.0,262.0,228
2018-09-20,194.07143835934596,212.0,40.0,356.0,576
2018-09-21,213.4401439666932,221.83333333333331,71.0,384.0,576
2018-09-22,184.83086774728724,201.10169491525426,40.42857142857143,363.0,576
2018-09-23,167.1496675531915,148.9219696969697,58.0,355.0,576
2018-09-24,185.58910331915558,181.6818181818182,45.0,305.0,576
2018-09-25,196.71119414630965,208.22972972972974,81.0,385.0,576
2018-09-26,177.02867292326246,159.94444444444446,41.0,336.0,576
2018-09-27,184.34106691919192,190.83116883116884,54.0,382.0,576
2018-09-28,166.599041005291,169.68639291465377,49.0,334.0,576
2018-09-29,221.8537489557226,235.5261904761905,72.0,383.0,576
2018-09-30,184.80298069761668,182.5105263157895,69.0,336.0,576
2018-10-01,126.70724554507336,126.89293751081877,57.0,192.0,576
2018-10-02,177.49175047258979,176.0,40.0,288.0,529
2018-11-07,139.87532249742003,131.5,40.0,293.0,285
2018-11-08,164.4553830791576,154.5,57.0,294.0,864
2018-11-09,171.59628041031226,165.5,41.0,319.0,864
2018-11-10,147.6628472222222,140.9246575342466,49.0,292.0,864
2018-11-11,166.63721064814814,157.83333333333331,45.0,416.0,864
2018-11-12,182.18663194444446,177.0,58.77777777777778,355.0,864
2018-11-13,143.26888678451178,134.16666666666669,55.0,289.0,864
2018-11-14,152.99666354404258,146.1611560953666,51.0,318.0,864
2018-11-15,150.83681214421253,131.0,40.0,443.5,864
2018-11-16,164.8736213235294,154.0,47.0,358.0,864
2018-11-17,170.75611175785798,159.33333333333334,50.0,372.0,859
2018-11-18,181.07899305555554,175.83333333333331,41.0,323.0,576
2018-11-19,162.63975694444446,151.0,40.0,334.0,576
2018-11-20,179.60926573426573,167.97311827956992,53.0,334.0,572
2019-03-27,101.81720430107526,82.0,40.0,186.0,186
2019-03-28,122.39375,106.0,40.0,308.0,720
2019-03-29,156.19733796296296,129.83333333333331,40.0,333.0,864
2019-03-30,203.3258101851852,195.83333333333331,49.0,401.0,864
2019-03-31,166.1851851851852,175.41666666666669,40.0,311.0,864
2019-04-01,174.64279513888889,165.16666666666669,47.0,345.0,864
2019-04-02,147.58291961094866,142.0,55.0,262.0,864
2019-04-03,193.99721099453424,183.1764705882353,52.0,326.0,864
2019-04-04,169.5217607034396,157.75,56.0,370.0,864
2019-04-05,178.70728114478115,174.16666666666669,58.0,351.0,864
2019-04-06,200.37759710930442,217.0,46.44715447154472,349.0,864
2019-04-07,163.79022696476966,172.25,41.0,308.0,864
2019-04-08,172.07384259259257,169.5,45.0,312.0,864
2019-04-09,180.51627859477122,164.0,65.0,364.0,816
2019-07-03,119.93398978847556,103.33333333333331,40.0,268.0,457
2019-07-04,144.90928819444446,139.0,40.0,299.0,1152
2019-07-05,162.80598958333334,154.16666666666669,40.0,383.0,1152
2019-07-06,164.80295138888889,149.83333333333331,42.0,371.0,1152
2019-07-07,168.50564236111111,163.33333333333334,40.0,359.0,1152
2019-07-08,167.77213541666666,155.33333333333334,40.0,348.0,1152
2019-07-09,174.51388888888889,162.66666666666666,42.0,347.0,1152
2019-07-10,177.98263888888889,170.66666666666666,40.0,356.0,1152
2019-07-11,156.63355513307985,154.66666666666669,40.0,314.0,1052
2019-07-12,184.328125,174.33333333333331,40.0,390.0,864
2019-07-13,163.08739076154808,157.66666666666666,40.0,302.0,801
2019-07-14,109.79513888888889,105.5,40.0,255.0,576
2019-07-15,145.25,154.5,40.0,264.0,576
2019-07-16,113.66627078384798,106.0,40.0,290.0,421
2020-01-16,118.76829268292683,126.33333333333331,80.0,168.0,123
2020-01-17,117.37456242707118,117.25,40.0,233.0,857
2020-01-18,111.29340277777777,116.0,40.0,180.0,864
2020-01-19,131.75578703703704,125.33333333333334,40.0,298.0,864
2020-01-20,148.58678500986193,141.0,62.0,302.0,1014
2020-01-21,138.01953125,133.33333333333334,40.66666666666666,260.0,1152
2020-01-22,133.38368055555554,117.5,40.0,359.0,1152
2020-01-23,117.55034722222223,105.0,44.0,302.0,1152
2020-01-24,154.39930555555554,160.0,40.0,247.0,1152
2020-01-25,129.00303819444446,110.83333333333334,45.0,282.0,1152
2020-01-26,131.07378472222223,126.0,45.0,277.0,1152
2020-01-27,138.55208333333334,129.0,41.0,311.0,1152
2020-01-28,120.67664930555556,110.5,54.0,245.0,1152
2020-01-29,112.75651041666667,110.58333333333334,40.0,252.0,1152
2020-01-30,111.61184210526316,94.33333333333331,46.0,235.0,760
2020-05-23,106.88421052631578,115.0,40.0,167.0,285
2020-05-24,164.14484126984127,156.0,40.0,316.0,288
2020-05-25,151.776455026455,156.6904761904762,83.0,263.0,288
2020-05-26,110.96846064814815,108.23674242424242,54.0,215.3333333333333,288
2020-05-27,131.93055555555554,139.83333333333331,40.0,241.0,288
2020-05-28,151.97829861111111,137.83333333333331,62.0,290.0,288
2020-05-29,114.82204861111111,110.0,41.0,232.5,288
2020-05-30,183.625,192.16666666666663,55.0,296.0,288
2020-05-31,113.87152777777777,109.33333333333334,53.0,170.0,288
2020-06-01,158.17881944444446,153.0,65.0,324.0,288
2020-06-02,165.34375,157.66666666666666,55.0,321.0,288
2020-06-03,140.69791666666666,131.16666666666669,75.0,220.0,288
2020-06-04,185.84027777777777,189.83333333333331,97.0,282.0,288
2020-06-05,179.54513888888889,176.33333333333334,62.0,302.0,288
2020-06-06,221.55555555555554,256.7,40.0,341.0,288
2020-06-07,160.77430555555554,157.0,66.0,288.0,288
2020-06-08,185.59722222222223,190.16666666666663,76.0,288.0,288
2020-06-09,146.01041666666666,143.5,62.0,279.0,288
2020-06-10,201.38020833333334,189.0,130.0,327.0,288
2020-06-11,172.22916666666666,181.16666666666663,49.0,320.0,288
2020-06-12,190.86284722222223,196.16666666666663,79.0,301.0,288
2020-06-13,170.21006944444446,166.16666666666669,79.0,306.0,288
2020-06-14,217.67766203703704,229.66666666666663,99.0,309.0,288
2020-06-15,183.40046296296293,202.3333333333333,74.0,323.0,288
2020-06-16,145.0388888888889,140.16666666666669,71.0,226.0,288
2020-06-17,128.88819444444442,112.5,40.0,354.0,288
2020-06-18,169.46875,172.0,61.0,311.2,288
2020-06-19,138.65798611111111,144.33333333333331,40.0,214.0,288
2020-06-20,188.52951388888889,194.0,87.0,295.0,288
2020-06-21,156.63194444444446,163.0,52.0,246.0,288
2020-06-22,158.71961805555554,155.16666666666669,65.0,260.0,288
2020-06-23,215.13715277777777,226.83333333333331,107.33333333333331,288.0,288
2020-06-24,134.88020833333334,118.0,42.0,333.0,288
2020-06-25,161.65104166666666,144.66666666666669,85.0,289.0,288
2020-06-26,141.7200647249191,120.66666666666669,69.0,252.0,309
2020-06-27,137.15668402777777,136.0,59.0,247.0,576
2020-06-28,142.19010416666666,123.16666666666666,45.0,370.0,576
2020-06-29,152.39033564814815,141.0,53.0,349.0,576
2020-06-30,135.67997685185185,134.5,40.0,271.0,576
2020-07-01,111.81510416666667,100.5,40.0,238.0,576
2020-07-02,120.53385416666667,117.83333333333334,40.0,243.0,576
2020-07-03,112.61371527777777,91.0,41.0,351.0,576
2020-07-04,151.42317708333334,151.0,45.0,295.5,576
2020-07-05,124.8515625,107.66666666666666,40.0,299.0,576
2020-07-06,139.375,129.0,40.0,289.0,576
2020-07-07,128.00607638888889,101.33333333333331,53.0,388.0,576
2020-07-08,130.28038194444446,114.58333333333331,53.0,285.0,576
2020-07-09,173.28559027777777,167.66666666666669,48.0,298.0,576
2020-07-10,154.78645833333334,167.5,53.0,240.0,576
2020-07-11,174.76649305555554,161.16666666666669,40.0,343.0,576
2020-07-12,150.14409722222223,153.33333333333331,40.0,310.0,576
2020-07-13,146.06076388888889,115.0,40.0,314.0,576
2020-07-14,162.59982638888889,143.0,54.0,338.0,576
2020-07-15,112.78298611111111,90.66666666666669,57.0,295.0,576
2020-07-16,122.94965277777777,114.0,45.0,259.0,576
2020-07-17,116.81597222222223,114.33333333333331,53.0,213.0,576
2020-07-18,144.890625,138.0,55.0,271.0,576
2020-07-19,162.26128472222223,138.5,49.0,398.0,576
2020-07-20,137.6369640700483,128.83333333333331,61.0,302.0,576
2020-07-21,178.3144248188406,190.09420289855072,40.0,267.0,576
2020-07-22,139.16163194444445,139.0,40.0,269.0,576
2020-07-23,126.67343749999999,129.0,40.0,213.0,576
2020-07-24,137.01649305555554,131.66666666666669,40.0,269.0,576
2020-07-25,115.67578125,109.0,40.0,199.0,576
2020-07-26,147.94965277777777,120.66666666666666,57.0,367.0,576
2020-07-27,139.88715277777777,115.33333333333331,40.0,392.0,576
2020-07-28,150.97077546296293,151.5,53.0,254.0,576
2020-07-29,126.1021412037037,118.83333333333334,40.0,355.0,576
2020-07-30,125.52951388888889,109.0,68.0,349.0,576
2020-07-31,134.21875,121.0,58.0,415.0,576
2020-08-01,165.38752480158732,120.16666666666666,40.0,422.0,576
2020-08-02,115.41542658730158,118.16666666666666,40.0,259.0,576
2020-08-03,124.30729166666667,113.5,41.0,274.0,576
2020-08-04,118.4092492099135,118.66666666666666,40.0,294.0,576
2020-08-05,141.2431491184298,145.32834331337324,40.0,241.0,576
2020-08-06,150.92672207668,141.6626746506986,42.0,269.0,576
2020-08-07,158.3211971040911,137.65968063872253,91.0,285.0,576
2020-08-08,143.92360686789686,132.82934131736528,127.68263473053892,182.4795918367347,576
2020-08-09,124.5061576464418,124.17065868263472,53.0,358.0,576
2020-08-10,121.65884377079175,120.3802395209581,55.0,214.0,576
2020-08-11,148.83182073353294,143.0,64.0,268.0,576
2020-08-12,155.7949323568873,133.66666666666669,56.0,299.0,576
2020-08-13,210.04498670741404,247.25014907573046,67.0,289.8810375670841,576
2020-08-14,210.62298437189426,242.53995229576626,67.0,278.4606440071556,576
2020-08-15,192.4839681474856,215.82975551580202,58.0,267.0402504472272,576
2020-08-16,191.58800747863248,236.1195587358378,60.0,255.6198568872988,576
2020-08-17,190.84482458755713,224.4093619558736,66.0,244.1994633273703,576
2020-08-18,188.18584308537072,221.49746571258197,73.0,232.77906976744185,576
2020-08-19,159.31418797207314,202.48896839594514,53.0,221.35867620751344,576
2020-08-20,154.30017174766448,191.02877161598093,65.0,209.93828264758497,576
2020-08-21,152.9154958010336,188.22763864042935,53.0,220.0,576
2020-08-22,141.70009068773604,170.35837805605246,53.0,187.09749552772809,576
2020-08-23,157.21906057443846,168.28160405485986,65.0,217.0,576
2020-08-24,155.84916175959054,158.8439177101968,97.0,257.0,576
2020-08-25,136.50347222222223,126.72222222222223,64.0,320.0,576
2020-08-26,139.84635416666666,125.0,53.0,335.0,576
2020-08-27,112.45920138888889,95.5,53.0,282.0,576
2020-08-28,106.61371527777777,101.0,54.0,257.0,576
2020-08-29,126.34157986111111,127.0,53.0,235.0,576
2020-08-30,146.76519097222223,115.16666666666666,55.0,311.0,576
2020-08-31,166.3984375,167.16666666666669,53.0,301.0,576
2020-09-01,125.38194444444444,110.83333333333334,52.0,317.0,576
2020-09-02,140.16840277777777,134.16666666666669,65.0,296.3333333333333,576
2020-09-03,160.53298611111111,138.0,58.0,361.0,576
2020-09-04,142.63020833333334,122.83333333333334,56.0,337.0,576
2020-09-05,130.16840277777777,120.33333333333334,56.0,295.0,576
2020-09-06,134.04861111111111,125.0,71.0,229.0,576
2020-09-07,139.890625,125.5,48.0,289.0,576
2020-09-08,116.67100694444444,96.66666666666669,53.0,358.0,576
2020-09-09,171.70920138888889,167.0,76.0,315.0,576
2020-09-10,129.89930555555554,116.5,40.0,315.0,576
2020-09-11,145.97222222222223,113.0,53.0,333.0,576
2020-09-12,163.2734375,160.33333333333334,64.0,393.0,576
2020-09-13,147.23263888888889,125.33333333333331,52.0,404.0,576
2020-09-14,147.03298611111111,143.0,62.0,274.0,576
2020-09-15,142.89097222222222,126.33333333333331,53.5,349.0,576
2020-09-16,121.05434027777778,103.66666666666666,53.0,352.0,576
2020-09-17,161.62847222222223,157.66666666666666,56.0,279.0,576
2020-09-18,146.90972222222223,133.83333333333331,64.0,321.0,576
2020-09-19,146.15885416666666,131.0,63.0,273.0,576
2020-09-20,174.88628472222223,161.66666666666669,59.0,344.0,576
2020-09-21,162.71875,151.66666666666669,67.0,281.0,576
2020-09-22,173.03645833333334,170.02020202020202,76.0,291.0,576
2020-09-23,148.41753472222223,135.83333333333331,66.0,273.0,576
2020-09-24,110.66232638888889,100.5,56.0,267.0,576
2020-09-25,113.77517361111111,108.66666666666669,51.0,216.0,576
2020-09-26,124.78298611111111,111.5,64.0,257.0,576
2020-09-27,148.99826388888889,145.0,52.0,274.0,576
2020-09-28,140.94965277777777,139.33333333333334,62.0,258.0,576
2020-09-29,158.53385416666666,142.33333333333334,74.0,331.0,576
2020-09-30,151.76909722222223,154.16666666666669,74.0,262.0,576
2020-10-01,177.55902777777777,173.0,70.0,327.0,576
2020-10-02,140.85069444444446,131.66666666666666,68.0,249.0,576
2020-10-03,142.05729166666666,141.0,58.0,219.0,576
2020-10-04,132.13454861111111,122.83333333333334,73.0,233.0,576
2020-10-05,165.30729166666666,155.0,92.0,264.0,576
2020-10-06,130.43012152777777,121.94444444444444,59.0,284.0,576
2020-10-07,136.96918402777777,128.83333333333331,73.33333333333333,275.0,576
2020-10-08,123.49565972222223,126.5,53.0,224.0,576
2020-10-09,141.046875,135.83333333333331,49.0,297.0,576
2020-10-10,155.48090277777777,142.16666666666669,54.0,334.0,576
2020-10-11,132.03125,135.33333333333331,62.0,203.0,288
2020-10-12,128.85243055555554,123.16666666666666,66.0,184.0,288
2020-10-13,129.57523148148147,134.0,54.0,186.0,288
2020-10-14,131.30729166666666,110.16666666666666,61.0,277.0,288
2020-10-15,109.39029431216932,108.0,59.0,149.0,288
2020-10-16,114.71155753968254,105.83333333333334,76.42857142857143,175.0,288
2020-10-17,111.46527777777777,108.0,59.0,195.0,288
2020-10-18,143.98784722222223,138.25,60.0,214.0,288
2020-10-19,159.80902777777777,160.33333333333331,61.0,272.0,288
2020-10-20,129.78819444444446,119.83333333333334,56.0,266.0,288
2020-10-21,147.2807606263982,147.2807606263982,122.56152125279642,172.0,288
2020-10-22,97.58903104026847,99.5648769574944,55.0,122.38926174496645,288
2020-10-23,130.55555555555554,128.0,56.0,204.0,288
2020-10-24,164.00347222222223,169.83333333333334,67.0,246.0,288
2020-10-25,98.39930555555556,105.33333333333334,53.0,157.0,288
2020-10-26,162.61979166666666,163.5,54.0,242.0,288
2020-10-27,133.45659722222223,134.16666666666669,53.0,207.0,288
2020-10-28,136.38888888888889,134.5,66.0,210.0,288
2020-10-29,160.88969017094016,171.0,61.0,208.0,288
2020-10-30,213.49225427350427,217.8333333333333,60.5,298.0,288
2020-10-31,194.95833333333334,198.33333333333331,53.0,309.0,288
2020-11-01,102.71527777777777,92.66666666666666,55.0,219.0,288
2020-11-02,169.68055555555554,177.0,62.0,266.0,288
2020-11-03,125.5,126.83333333333334,53.0,237.0,288
2020-11-04,107.62326388888889,104.0,54.0,172.0,288
2020-11-05,122.50078405017922,112.15591397849462,64.0,222.0,288
2020-11-06,140.86553539426524,141.86559139784947,73.0,217.0,288
2020-11-07,124.96527777777777,123.0,64.0,188.66666666666663,288
2020-11-08,136.21875,124.66666666666669,61.0,250.0,288
2020-11-09,144.921875,141.16666666666669,58.0,306.0,288
2020-11-10,147.75520833333334,150.0,66.0,237.5,288
2020-11-11,153.14236111111111,151.83333333333331,58.0,254.0,288
2020-11-12,141.07465277777777,137.16666666666669,62.0,253.0,288
2020-11-13,123.95833333333333,130.66666666666669,59.0,186.0,288
2020-11-14,162.25694444444446,165.16666666666666,76.0,249.0,288
2020-11-15,126.78125,131.0,53.0,189.0,288
2020-11-16,139.24305555555554,133.83333333333331,53.0,283.0,288
2020-11-17,112.77777777777777,92.16666666666666,62.0,241.0,288
2020-11-18,129.65798611111111,129.33333333333334,82.0,213.0,288
2020-11-19,138.25694444444446,140.33333333333331,87.0,199.0,288
2020-11-20,167.40451388888889,152.0,82.0,397.0,288
2020-11-21,100.79861111111111,98.16666666666666,54.0,159.0,288
2020-11-22,157.39756944444446,151.0,54.0,313.0,288
2020-11-23,105.09201388888889,98.83333333333334,53.0,196.0,288
2020-11-24,180.04861111111111,172.0,53.0,317.0,288
2020-11-25,197.26041666666666,196.0,57.0,345.0,288
2020-11-26,114.3125,106.0,56.0,229.0,288
2020-11-27,154.34027777777777,156.0,56.0,264.0,288
2020-11-28,136.4375,138.0,53.0,235.0,288
2020-11-29,165.24756944444442,115.83333333333334,52.0,359.0,288
2020-11-30,90.04930555555556,75.0,55.0,190.0,288
2020-12-01,120.84375,110.0,64.0,212.0,288
2020-12-02,138.58333333333334,131.33333333333334,90.0,244.0,288
2020-12-03,114.27430555555556,98.0,49.0,198.0,288
2020-12-04,143.67881944444446,147.1025641025641,60.0,208.0,288
2020-12-05,142.09895833333334,143.0,84.0,228.0,288
2020-12-06,157.24131944444446,164.5,58.0,241.0,288
2020-12-07,160.71006944444446,165.33333333333334,67.0,218.0,288
2020-12-08,120.30555555555556,120.0,58.0,199.0,288
2020-12-09,152.54340277777777,151.83333333333331,102.0,226.0,288
2020-12-10,107.28125,105.33333333333331,63.0,178.0,288
2020-12-11,165.74479166666666,177.0,68.0,264.0,288
2020-12-12,126.49652777777777,131.0,53.0,203.0,288
2020-12-13,169.53472222222223,145.83333333333331,54.0,317.0,288
2020-12-14,135.20572916666666,143.33333333333331,57.0,202.0,288
2020-12-15,91.4808360042735,64.375,43.0,181.0,288
2020-12-16,152.81343482905982,148.22435897435895,81.15384615384616,272.0,288
2020-12-17,142.67708333333334,147.0,56.0,225.0,288
2020-12-18,108.61631944444444,102.0,52.0,180.0,288
2020-12-19,95.47743055555556,95.66666666666666,40.0,170.0,288
2020-12-20,126.20659722222223,127.5,75.0,181.0,288
2020-12-21,124.21527777777777,119.16666666666666,71.0,193.0,288
2020-12-22,125.67361111111111,110.33333333333331,87.0,215.0,288
2020-12-23,99.71006944444444,88.0,61.0,165.0,288
2020-12-24,104.30381944444444,91.0,68.0,181.0,288
2020-12-25,152.89236111111111,148.0,68.0,280.0,288
2020-12-26,100.890625,97.5,53.0,158.0,288
2020-12-27,129.25868055555554,132.0,63.0,198.0,288
2020-12-28,87.80902777777777,87.0,53.0,181.0,288
2020-12-29,95.42621527777777,116.66666666666666,53.0,129.0,288
2020-12-30,109.57204861111111,113.32427536231884,67.0,159.0,288
2020-12-31,117.32118055555556,116.66666666666666,65.0,171.0,288
2021-01-01,183.0625,178.0,56.0,308.0,288
2021-01-02,108.46701388888889,111.0,67.0,180.0,288
2021-01-03,125.65972222222223,114.33333333333331,53.0,218.0,288
2021-01-04,120.22222222222223,117.33333333333331,58.0,203.0,288
2021-01-05,121.95833333333333,126.66666666666666,70.0,195.0,288
2021-01-06,91.98263888888889,80.66666666666666,59.0,163.0,288
2021-01-07,104.69791666666667,104.0,58.0,167.0,288
2021-01-08,118.69791666666667,109.16666666666666,59.0,191.0,288
2021-01-09,97.890625,87.33333333333333,59.0,168.0,288
2021-01-10,95.31076388888889,95.0,61.0,151.0,288
2021-01-11,114.78819444444444,121.83333333333334,53.0,182.0,288
2021-01-12,124.08854166666667,114.0,67.0,200.0,288
2021-01-13,127.22916666666667,122.48333333333335,72.0,206.0,288
2021-01-14,167.44097222222223,163.0,60.0,325.0,288
2021-01-15,111.01215277777777,113.0,62.0,165.0,288
2021-01-16,116.93402777777777,109.33333333333331,64.0,187.0,288
2021-01-17,113.66493055555556,108.5,60.0,184.0,288
2021-01-18,125.14930555555556,123.0,53.0,222.0,288
2021-01-19,152.86458333333334,163.5,64.0,228.0,288
2021-01-20,158.06597222222223,148.83333333333331,55.0,281.0,288
2021-01-21,141.53472222222223,125.33333333333334,55.0,293.0,288
2021-01-22,116.953125,102.16666666666666,53.0,194.0,288
2021-01-23,135.45833333333334,137.5,56.0,250.0,288
2021-01-24,95.47222222222223,88.66666666666667,62.0,153.0,288
2021-01-25,149.97569444444446,145.66666666666666,73.0,225.0,288
2021-01-26,118.53968253968254,117.0,59.0,191.0,288
2021-01-27,137.63087864650365,130.0,61.0,196.0,288
2021-01-28,159.4370777027027,142.39189189189187,72.66666666666667,295.0,288
2021-01-29,144.51388888888889,144.16666666666669,64.0,224.0,288
2021-01-30,124.61805555555556,122.16666666666666,62.0,222.3333333333333,288
2021-01-31,142.63715277777777,129.5,65.0,228.0,288
2021-02-01,148.28125,140.83333333333331,97.0,209.0,288
2021-02-02,123.75347222222223,115.0,68.0,212.0,288
2021-02-03,182.01909722222223,181.16666666666663,78.0,277.0,288
2021-02-04,115.53819444444444,101.16666666666666,58.333333333333336,207.0,288
2021-02-05,130.09548611111111,127.83333333333334,57.0,187.0,288
2021-02-06,107.28472222222223,97.33333333333331,60.0,191.0,288
2021-02-07,115.91319444444444,105.0,57.0,212.0,288
2021-02-08,103.46701388888889,97.5,65.0,167.0,288
2021-02-09,110.36111111111111,96.66666666666669,53.0,195.0,288
2021-02-10,164.81597222222223,143.83333333333331,91.0,289.0,288
2021-02-11,125.85243055555556,130.12393162393164,56.0,169.0,288
2021-02-12,118.12847222222223,106.5,60.0,218.0,288
2021-02-13,158.89930555555554,156.66666666666669,53.0,314.0,288
2021-02-14,122.63541666666667,118.66666666666666,77.0,220.0,288
2021-02-15,136.77604166666666,145.0,60.0,198.0,288
2021-02-16,132.90625,129.33333333333331,75.0,234.0,288
2021-02-17,147.50694444444446,145.16666666666669,81.0,255.0,288
2021-02-18,147.37326388888889,141.0,64.0,275.0,288
2021-02-19,138.671875,119.0,63.0,262.0,288
2021-02-20,116.84895833333333,106.0,59.0,218.3333333333333,288
2021-02-21,158.69791666666666,153.83333333333331,68.0,228.0,288
2021-02-22,124.15972222222223,121.66666666666666,79.0,180.0,288
2021-02-23,153.80902777777777,152.0,75.0,216.0,288
2021-02-24,107.18402777777777,95.66666666666666,53.0,229.0,288
2021-02-25,169.86194534632034,148.33333333333331,89.0,245.0,288
2021-02-26,195.23180465367966,218.87662337662337,91.0,234.83116883116884,288
2021-02-27,125.77604166666667,119.16666666666666,61.0,222.0,288
2021-02-28,143.34722222222223,139.83333333333331,57.0,239.0,288
2021-03-01,118.58854166666667,124.0,55.0,165.0,288
2021-03-02,137.72048611111111,132.16666666666669,67.0,240.0,288
2021-03-03,144.64583333333334,152.0,56.0,234.0,288
2021-03-04,132.34895833333334,127.0,81.0,224.0,288
2021-03-05,160.01215277777777,133.0,66.0,286.0,288
2021-03-06,104.80208333333333,103.33333333333331,53.0,167.0,288
2021-03-07,191.79861111111111,206.66666666666663,55.0,284.0,288
2021-03-08,163.97395833333334,164.0,98.0,220.0,288
2021-03-09,156.73611111111111,157.83333333333331,63.0,231.0,288
2021-03-10,128.3125,127.66666666666669,100.0,198.0,288
2021-03-11,125.03125,108.83333333333334,68.0,210.0,288
2021-03-12,139.671875,136.83333333333331,68.0,217.0,288
2021-03-13,128.70833333333334,118.66666666666666,53.0,263.0,288
2021-03-14,146.09722222222223,123.83333333333334,53.0,295.0,288
2021-03-15,170.86631944444446,184.3333333333333,53.0,288.0,288
2021-03-16,142.69965277777777,133.5,65.0,231.0,288
2021-03-17,153.65625,150.33333333333334,75.0,246.0,288
2021-03-18,119.24652777777777,99.0,53.0,213.0,288
2021-03-19,176.48611111111111,165.83333333333331,93.0,294.0,288
2021-03-20,136.86284722222223,127.0,103.0,234.0,288
2021-03-21,135.64930555555554,140.33333333333334,69.0,187.0,288
2021-03-22,132.67013888888889,143.0,55.0,199.0,288
2021-03-23,118.10069444444444,106.0,50.0,190.66666666666663,288
2021-03-24,150.98042929292927,144.5,79.0,226.0,288
2021-03-25,110.5790807379349,112.33333333333331,79.0,133.0648148148148,288
2021-03-26,149.05333719135803,150.72685185185185,69.0,228.0,288
2021-03-27,113.515625,108.83333333333334,53.0,189.0,288
2021-03-28,113.29166666666667,103.0,53.0,207.0,288
2021-03-29,127.76736111111111,124.33333333333331,75.0,196.0,288
2021-03-30,112.06597222222223,107.0,68.0,176.0,288
2021-03-31,105.26736111111111,95.33333333333331,62.0,201.0,288
2021-04-01,181.05208333333334,181.83333333333331,77.0,248.0,288
2021-04-02,102.32465277777777,93.0,56.0,220.0,288
2021-04-03,128.61805555555554,117.83333333333334,54.0,224.0,288
2021-04-04,125.26388888888889,114.0,68.0,223.0,288
2021-04-05,121.55034722222223,106.66666666666666,64.0,213.0,288
2021-04-06,130.90104166666666,128.0,63.0,231.0,288
2021-04-07,114.33275462962963,108.83333333333334,80.0,165.0,288
2021-04-08,115.00752314814814,110.5,60.0,197.0,288
2021-04-09,159.94791666666666,154.83333333333331,62.0,253.0,288
2021-04-10,153.0,143.5,84.0,239.0,288
2021-04-11,103.56944444444444,97.5,53.0,225.0,288
2021-04-12,133.26041666666666,127.0,58.0,241.0,288
2021-04-13,127.80555555555556,127.66666666666666,53.0,196.0,288
2021-04-14,112.90972222222223,111.0,59.0,250.0,288
2021-04-15,131.78414351851853,128.5,55.0,243.0,288
2021-04-16,100.87037037037038,97.83333333333334,53.0,160.0,288
2021-04-17,100.09027777777777,93.33333333333334,53.0,179.0,288
2021-04-18,148.328125,145.5,55.0,291.0,288
2021-04-19,164.86805555555554,164.66666666666669,68.0,257.0,288
2021-04-20,146.30555555555554,138.66666666666669,80.0,232.0,288
2021-04-21,123.36111111111111,131.33333333333331,59.0,196.0,288
2021-04-22,151.67708333333334,159.83333333333331,54.0,209.0,288
2021-04-23,166.12847222222223,168.83333333333331,55.0,217.0,288
2021-04-24,128.10416666666666,125.0,59.0,219.0,288
2021-04-25,144.14409722222223,129.33333333333334,54.0,304.0,288
2021-04-26,168.85069444444446,165.16666666666669,92.0,243.0,288
2021-04-27,176.75347222222223,198.0,55.0,256.0,288
2021-04-28,112.38888888888889,107.66666666666669,59.0,197.0,288
2021-04-29,139.23611111111111,129.5,56.0,223.0,288
2021-04-30,136.97569444444446,147.16666666666669,55.0,209.0,288
2021-05-01,133.51388888888889,134.0,64.0,212.0,288
2021-05-02,152.04340277777777,145.83333333333331,70.0,241.0,288
2021-05-03,126.85590277777777,129.0,64.0,176.0,288
2021-05-04,108.73263888888889,107.83333333333334,53.0,205.0,288
2021-05-05,119.89236111111111,118.66666666666669,54.0,207.0,288
2021-05-06,126.54513888888889,119.66666666666666,53.0,220.66666666666663,288
2021-05-07,152.046875,139.66666666666666,59.0,244.0,288
2021-05-08,137.86458333333334,105.0,50.0,322.0,288
2021-05-09,137.12847222222223,116.5,68.0,266.0,288
2021-05-10,119.23958333333333,117.0,50.0,191.3333333333333,288
2021-05-11,116.80208333333333,115.83333333333334,57.0,193.0,288
2021-05-12,140.64236111111111,112.0,67.0,291.0,288
2021-05-13,182.00173611111111,177.5,102.0,242.0,288
2021-05-14,162.93402777777777,157.83333333333331,75.0,262.0,288
2021-05-15,120.16319444444444,105.5,66.0,215.0,288
2021-05-16,156.63888888888889,171.5,58.0,220.0,288
2021-05-17,171.85416666666666,160.83333333333331,73.0,304.0,288
2021-05-18,152.23611111111111,151.0,56.0,241.0,288
2021-05-19,141.44618055555554,142.33333333333331,69.0,238.0,288
2021-05-20,155.37152777777777,148.33333333333331,67.0,270.0,288
2021-05-21,160.35590277777777,157.33333333333334,86.0,237.0,288
2021-05-22,195.76041666666666,191.83333333333331,57.0,376.0,288
2021-05-23,187.03472222222223,182.49999999999994,78.0,376.0,288
2021-05-24,150.95833333333334,149.0,92.0,217.0,288
2021-05-25,129.84375,130.66666666666669,66.0,240.0,288
2021-05-26,129.24652777777777,124.66666666666666,81.0,189.0,288
2021-05-27,120.16562499999999,104.16666666666666,60.0,223.0,288
2021-05-28,138.0722222222222,137.5,70.0,200.0,288
2021-05-29,133.015625,133.33333333333331,65.0,208.66666666666663,288
2021-05-30,143.64930555555554,142.66666666666669,64.0,219.0,288
2021-05-31,141.37152777777777,133.0,73.0,240.0,288
2021-06-01,133.06423611111111,131.66666666666666,62.0,195.0,288
2021-06-02,134.70486111111111,133.16666666666669,64.0,251.0,288
2021-06-03,125.27083333333333,123.66666666666669,67.0,198.0,288
2021-06-04,126.82986111111111,113.54166666666666,63.0,236.0,288
2021-06-05,152.12673611111111,152.16666666666669,62.0,211.0,288
2021-06-06,99.26215277777777,91.77083333333334,53.0,189.0,288
2021-06-07,122.78125,96.5,53.0,280.0,288
2021-06-08,137.71180555555554,140.83333333333331,58.0,225.0,288
2021-06-09,125.0625,118.0,77.0,197.0,288
2021-06-10,131.30034722222223,126.0,64.0,240.0,288
2021-06-11,130.79166666666666,113.0,66.0,256.0,288
2021-06-12,116.79861111111111,126.0,57.0,174.0,288
2021-06-13,173.375,178.16666666666669,56.0,289.0,288
2021-06-14,114.53472222222223,104.83333333333334,53.0,203.0,288
2021-06-15,117.625,123.16666666666666,55.0,202.0,288
2021-06-16,90.25520833333333,87.0,61.0,129.0,288
2021-06-17,145.98090277777777,153.0,60.0,224.0,288
2021-06-18,142.92013888888889,130.83333333333331,80.0,223.0,288
2021-06-19,186.56944444444443,195.0,90.0,228.0,288
2021-06-20,125.82638888888889,118.50000000000001,85.0,196.0,288
2021-06-21,115.94675925925925,112.0,58.0,197.0,288
2021-06-22,165.25611772486772,173.5,115.0,216.0,288
2021-06-23,107.12524801587301,99.0,65.0,198.0,288
2021-06-24,116.19791666666667,111.0,78.0,192.0,288
2021-06-25,108.44097222222223,105.66666666666669,53.0,187.0,288
2021-06-26,98.96875,89.0,57.0,212.0,288
2021-06-27,135.20486111111111,138.83333333333331,60.0,216.0,288
2021-06-28,113.97222222222223,106.16666666666669,60.0,233.0,288
2021-06-29,114.67361111111111,107.0,64.0,188.0,288
2021-06-30,121.50868055555556,126.0,55.0,210.0,288
2021-07-01,144.22048611111111,118.0,68.0,321.0,288
2021-07-02,211.95486111111111,219.83333333333331,81.0,350.0,288
2021-07-03,154.04861111111111,117.0,63.0,355.0,288
2021-07-04,169.4375,149.33333333333334,77.0,289.0,288
2021-07-05,138.25868055555554,134.83333333333331,53.0,229.0,288
2021-07-06,126.71006944444444,126.33333333333334,65.0,209.0,288
2021-07-07,161.70659722222223,162.0,89.0,236.0,288
2021-07-08,125.92708333333333,126.0,57.0,199.0,288
2021-07-09,122.93726053639847,112.83333333333334,66.0,212.0,288
2021-07-10,107.00718390804599,108.39080459770116,69.66666666666667,121.0,288
2021-07-11,112.36458333333333,82.16666666666666,54.0,259.0,288
2021-07-12,143.94131944444445,142.33333333333334,73.0,237.0,288
2021-07-13,115.40243055555555,100.33333333333334,53.0,202.0,288
2021-07-14,152.97222222222223,148.83333333333331,61.0,265.0,288
2021-07-15,150.78819444444446,164.5,56.0,215.0,288
2021-07-16,126.48263888888889,122.5,88.0,190.0,288
2021-07-17,105.49652777777777,106.5,55.0,146.33333333333334,288
2021-07-18,132.54861111111111,119.5,90.0,214.0,288
2021-07-19,143.57986111111111,148.66666666666669,60.0,203.0,288
2021-07-20,106.97986111111112,90.33333333333334,62.0,207.0,288
2021-07-21,97.24756944444444,94.33333333333331,57.0,174.0,288
2021-07-22,136.96875,145.5,72.0,179.0,288
2021-07-23,141.37847222222223,149.33333333333334,58.0,214.0,288
2021-07-24,132.08015422077924,143.58333333333334,75.0,174.0,288
2021-07-25,139.7688041125541,136.66666666666666,87.0,200.3333333333333,288
2021-07-26,117.02430555555556,109.83333333333334,53.0,217.0,288
2021-07-27,127.61805555555556,125.16666666666666,54.0,212.0,288
2021-07-28,134.06770833333334,132.0,69.0,208.0,288
2021-07-29,102.61805555555556,104.66666666666669,60.0,168.0,288
2021-07-30,145.78298611111111,150.0,65.0,242.66666666666663,288
2021-07-31,115.98263888888889,99.16666666666666,63.0,253.0,288
2021-08-01,122.16927083333333,130.33333333333331,58.0,194.0,288
2021-08-02,97.90538194444444,92.0,68.0,153.0,288
2021-08-03,110.08333333333333,114.0,53.0,181.0,288
2021-08-04,104.75,106.66666666666669,53.0,175.0,288
2021-08-05,101.69097222222223,92.33333333333331,53.0,174.0,288
2021-08-06,100.03472222222223,88.5,53.0,192.0,288
2021-08-07,103.31770833333333,94.83333333333334,48.0,203.0,288
2021-08-08,112.03732638888889,105.0,66.0,174.0,288
2021-08-09,111.65625,112.16666666666666,52.0,204.0,288
2021-08-10,162.64236111111111,173.5,58.0,318.3333333333333,288
2021-08-11,166.01909722222223,154.66666666666666,59.0,325.0,288
2021-08-12,109.15451388888889,93.0,68.0,202.0,288
2021-08-13,118.80208333333333,115.83333333333334,40.0,216.0,288
2021-08-14,119.58506944444444,123.5,66.0,222.0,288
2021-08-15,163.43576388888889,159.83333333333331,66.0,257.0,288
2021-08-16,173.81770833333334,177.5,106.0,270.0,288
2021-08-17,141.90972222222223,139.0,103.0,195.0,288
2021-08-18,148.20486111111111,148.16666666666669,58.0,204.0,288
2021-08-19,124.22222222222223,114.0,61.0,268.0,288
2021-08-20,150.015625,142.5,65.0,242.0,288
2021-08-21,163.76041666666666,165.5,117.0,220.0,288
2021-08-22,160.85763888888889,130.5,54.0,337.0,288
2021-08-23,167.56944444444446,172.16666666666669,64.0,276.0,288
2021-08-24,143.13888888888889,140.0,93.0,208.0,288
2021-08-25,159.66710069444446,159.5,121.0,206.0,288
2021-08-26,173.60546875,173.83333333333331,108.0,246.0,288
2021-08-27,136.52430555555554,136.5,74.0,235.0,288
2021-08-28,146.13541666666666,144.83333333333331,50.333333333333336,235.0,288
2021-08-29,140.97222222222223,149.33333333333331,48.0,188.0,288
2021-08-30,108.82638888888889,121.5,51.0,186.0,288
2021-08-31,57.298036093418254,56.57324840764331,51.0,78.0,288
2021-09-01,68.5307855626327,68.5307855626327,61.828025477707,75.23354564755839,288
2021-09-02,81.98301486199574,81.98301486199574,75.28025477707007,88.68577494692144,288
2021-09-03,125.26108014861997,93.84713375796179,62.0,339.0,288
2021-09-04,138.48611111111111,138.5,60.0,221.0,288
2021-09-05,135.48958333333334,135.5,59.0,193.0,288
2021-09-06,137.87152777777777,132.83333333333331,76.0,237.0,288
2021-09-07,132.94444444444446,102.83333333333334,69.0,294.0,288
2021-09-08,133.41145833333334,129.16666666666669,68.0,249.0,288
2021-09-09,143.625,149.0,60.0,206.0,288
2021-09-10,121.69444444444444,118.33333333333334,64.0,179.0,288
2021-09-11,113.46527777777777,112.0,53.0,245.0,288
2021-09-12,135.17361111111111,127.0,64.0,207.0,288
2021-09-13,145.609375,147.0,74.0,216.0,288
2021-09-14,114.58159722222223,115.0,81.0,171.0,288
2021-09-15,183.54340277777777,184.0,115.0,256.0,288
2021-09-16,159.76909722222223,138.66666666666666,65.0,274.0,288
2021-09-17,162.296875,161.16666666666669,87.0,262.6666666666667,288
2021-09-18,159.86805555555554,159.0,60.0,291.0,288
2021-09-19,134.82986111111111,135.33333333333334,71.0,204.0,288
2021-09-20,141.92013888888889,134.83333333333331,83.0,239.0,288
2021-09-21,115.38541666666667,118.16666666666669,71.0,180.0,288
2021-09-22,160.28819444444446,165.0,59.0,246.0,288
2021-09-23,119.84548611111111,118.0,63.0,206.0,288
2021-09-24,144.46180555555554,131.0,91.0,260.0,288
2021-09-25,171.55902777777777,160.83333333333331,122.0,255.0,288
2021-09-26,122.25520833333333,107.66666666666666,53.0,222.0,288
2021-09-27,123.375,125.83333333333334,71.0,192.0,288
2021-09-28,118.97916666666667,121.41666666666669,75.0,179.0,288
2021-09-29,127.83506944444444,119.0,72.0,202.0,288
2021-09-30,147.07291666666666,125.83333333333334,53.0,290.0,288
2021-10-01,152.06993411680912,162.66666666666666,73.0,226.0,288
2021-10-02,167.35194088319088,178.25641025641028,81.0,255.0,288
2021-10-03,94.625,83.5,50.0,247.0,288
2021-10-04,156.41319444444446,140.66666666666666,72.0,259.0,288
2021-10-05,99.52777777777777,89.0,64.0,184.0,288
2021-10-06,101.50868055555556,96.33333333333331,65.0,148.0,288
2021-10-07,133.36631944444446,120.66666666666666,75.0,203.0,288
2021-10-08,94.89930555555556,88.33333333333334,63.0,155.0,288
2021-10-09,144.73611111111111,136.5,60.0,275.0,288
2021-10-10,151.31597222222223,157.5,56.0,258.0,288
2021-10-11,136.90277777777777,133.83333333333331,91.0,208.0,288
2021-10-12,103.15972222222223,108.0,61.0,127.0,288
2021-10-13,106.41319444444444,100.5,56.0,187.0,288
2021-10-14,138.36805555555554,134.33333333333331,80.0,228.0,288
2021-10-15,140.73611111111111,126.16666666666666,87.0,244.0,288
2021-10-16,113.44618055555556,121.10555555555555,70.0,148.0,288
2021-10-17,107.10243055555556,96.0,57.0,266.0,288
2021-10-18,126.05555555555556,122.0,60.0,189.0,288
2021-10-19,106.59027777777777,109.66666666666669,64.0,143.0,288
2021-10-20,109.10416666666667,101.0,62.0,191.0,288
2021-10-21,114.62326388888889,103.0,54.0,225.0,288
2021-10-22,113.73263888888889,109.66666666666669,56.0,207.0,288
2021-10-23,122.28472222222223,103.16666666666666,54.0,270.0,288
2021-10-24,144.01909722222223,154.0,54.0,247.0,288
2021-10-25,138.13194444444446,135.5,87.0,215.0,288
2021-10-26,131.48263888888889,135.83333333333331,72.0,179.0,288
2021-10-27,121.88020833333333,115.0,67.0,227.0,288
2021-10-28,123.11111111111111,126.0,58.0,167.0,288
2021-10-29,102.43055555555556,105.0,64.0,154.0,288
2021-10-30,119.32986111111111,98.16666666666666,53.0,270.0,288
2021-10-31,124.08506944444444,128.5,73.0,194.0,288
2021-11-01,150.875,148.16666666666669,54.0,263.0,288
2021-11-02,166.02083333333334,161.66666666666669,89.0,244.0,288
2021-11-03,134.30381944444446,126.66666666666669,62.0,220.0,288
2021-11-04,122.83680555555556,108.16666666666666,70.0,229.0,288
2021-11-05,139.59722222222223,131.83333333333331,80.0,241.66666666666663,288
2021-11-06,141.625,148.16666666666669,53.0,289.0,288
2021-11-07,121.8125,106.0,53.0,203.0,288
2021-11-08,118.10590277777777,119.66666666666666,65.0,179.0,288
2021-11-09,114.55034722222223,98.0,53.0,228.0,288
2021-11-10,105.11111111111111,109.5,65.0,146.0,288
2021-11-11,104.80902777777777,97.16666666666666,54.0,188.0,288
2021-11-12,90.99131944444444,88.0,54.0,143.0,288
2021-11-13,109.30381944444444,111.83333333333334,52.0,206.0,288
2021-11-14,106.96875,103.16666666666666,57.0,177.0,288
2021-11-15,110.02083333333333,95.33333333333331,71.0,180.0,288
2021-11-16,104.45659722222223,120.16666666666666,40.0,152.0,288
2021-11-17,94.98611111111111,101.1078431372549,53.0,160.0,288
2021-11-18,148.57118055555554,177.0,52.0,257.0,288
2021-11-19,123.89930555555556,91.0,40.0,305.0,288
2021-11-20,169.05902777777777,119.83333333333334,50.0,320.0,288
2021-11-21,89.61284722222223,84.66666666666666,40.0,197.0,288
2021-11-22,157.17013888888889,164.66666666666669,45.0,227.0,288
2021-11-23,135.94965277777777,142.5,73.0,182.0,288
2021-11-24,125.19444444444444,127.66666666666666,53.0,179.0,288
2021-11-25,123.74305555555556,120.66666666666669,59.0,211.0,288
2021-11-26,182.62673611111111,186.83333333333331,104.0,297.3333333333333,288
2021-11-27,147.39236111111111,147.66666666666669,73.0,304.0,288
2021-11-28,113.18402777777777,108.0,74.0,190.0,288
2021-11-29,103.93923611111111,104.83333333333334,54.0,178.0,288
2021-11-30,156.59895833333334,163.0,78.0,227.0,288
2021-12-01,111.51909722222223,95.35416666666666,57.0,246.0,288
2021-12-02,74.29513888888889,70.16666666666666,43.0,119.0,288
2021-12-03,70.82638888888889,67.0,49.0,139.0,288
2021-12-04,94.29513888888889,73.83333333333334,53.0,193.0,288
2021-12-05,161.44270833333334,181.16666666666663,57.0,226.0,288
2021-12-06,130.67361111111111,134.5,54.0,217.0,288
2021-12-07,137.375,124.33333333333331,70.0,230.0,288
2021-12-08,153.28761574074076,153.0,81.0,209.0,288
2021-12-09,124.16550925925925,134.66666666666666,52.0,194.0,288
2021-12-10,105.625,98.0,53.0,193.0,288
2021-12-11,149.43152977617905,148.9388489208633,116.84652278177458,182.0,288
2021-12-12,117.82194244604317,103.71702637889689,57.0,265.0,288
2021-12-13,150.16840277777777,145.83333333333331,56.0,248.0,288
2021-12-14,114.84027777777777,116.0,56.0,198.0,288
2021-12-15,101.57986111111111,96.0,53.0,182.0,288
2021-12-16,122.50347222222223,112.66666666666666,47.0,208.0,288
2021-12-17,152.87615740740742,139.0,75.0,280.0,288
2021-12-18,97.70023148148148,93.0,54.0,189.0,288
2021-12-19,127.02951388888889,107.33333333333331,53.0,232.0,288
2021-12-20,148.85763888888889,153.5,54.0,202.0,288
2021-12-21,118.64236111111111,114.0,59.0,223.0,288
2021-12-22,173.484375,171.5,96.0,322.0,288
2021-12-23,128.80729166666666,126.0,74.0,204.0,288
2021-12-24,95.11458333333333,92.0,54.0,146.0,288
2021-12-25,136.08333333333334,137.0,61.0,233.0,288
2021-12-26,109.79745370370371,119.18803418803421,79.0,146.0,288
2021-12-27,116.9042735042735,116.9042735042735,114.94188034188032,118.86666666666666,288
2021-12-28,107.87118945868946,113.32136752136752,82.0,123.0,288
2021-12-29,141.79861111111111,144.33333333333334,65.0,202.0,288
2021-12-30,116.45486111111111,122.5,53.0,200.0,288
2021-12-31,136.25173611111111,127.66666666666667,94.0,260.0,288
2022-01-01,146.75173611111111,150.16666666666669,87.0,199.0,288
2022-01-02,114.54166666666667,114.0,55.0,196.0,288
2022-01-03,121.4375,111.0,67.0,221.0,288
2022-01-04,138.29166666666666,125.16666666666666,53.0,222.0,288
2022-01-05,160.04513888888889,152.83333333333331,88.0,271.0,288
2022-01-06,98.01736111111111,102.16666666666666,46.0,172.0,288
2022-01-07,71.23817401960784,70.33333333333333,52.0,110.0,288
2022-01-08,166.91981209150327,169.6843137254902,88.84705882352941,232.0,288
2022-01-09,119.31770833333333,114.66666666666669,62.0,201.0,288
2022-01-10,116.64583333333333,121.33333333333331,56.0,167.0,288
2022-01-11,123.85763888888889,128.5,53.0,209.0,288
2022-01-12,95.96354166666667,96.08333333333334,55.0,142.0,288
2022-01-13,132.82638888888889,132.33333333333334,55.0,244.0,288
2022-01-14,162.99305555555554,170.0,56.0,251.0,288
2022-01-15,150.12152777777777,137.5,57.0,301.0,288
2022-01-16,110.55729166666667,104.0,53.0,199.77777777777777,288
2022-01-17,184.23958333333334,163.16666666666669,61.0,284.0,288
2022-01-18,117.57465277777777,116.0,65.0,195.0,288
2022-01-19,116.63541666666667,112.5,53.0,216.0,288
2022-01-20,123.375,135.41666666666666,55.0,175.0,288
2022-01-21,116.12835249042146,102.66666666666669,60.0,229.0,261
2022-02-17,109.08948087431693,107.16666666666666,53.0,213.0,122
2022-02-18,119.05758101851853,118.0,53.0,169.0,288
2022-02-19,114.24652777777777,113.5,60.0,189.0,288
2022-02-20,125.37934027777777,124.0,53.0,192.0,288
2022-02-21,134.98784722222223,139.66666666666669,58.0,193.0,288
2022-02-22,141.26215277777777,134.83333333333331,79.0,256.0,288
2022-02-23,110.43055555555556,108.66666666666666,58.0,190.0,288
2022-02-24,123.88368055555556,126.0,60.0,182.0,288
2022-02-25,97.97395833333333,85.16666666666666,57.0,255.0,288
2022-02-26,105.25,99.16666666666666,60.0,184.0,288
2022-02-27,111.65104166666667,96.33333333333331,67.0,200.0,288
2022-02-28,107.75520833333333,102.83333333333334,71.0,176.0,288
2022-03-01,103.24131944444444,96.06666666666666,67.0,173.0,288
2022-03-02,121.98611111111111,106.5,53.0,230.0,288
2022-03-03,112.28645833333333,112.5,54.0,184.0,288
2022-03-04,98.02083333333333,95.40196078431372,53.0,160.0,288
2022-03-05,94.125,104.0,50.0,146.0,288
2022-03-06,113.34722222222223,109.5,61.0,157.0,288
2022-03-07,121.31423611111111,122.16666666666666,62.0,167.0,288
2022-03-08,148.06423611111111,148.33333333333334,106.0,200.0,288
2022-03-09,138.49652777777777,135.16666666666669,92.0,194.0,288
2022-03-10,138.48263888888889,141.33333333333334,85.0,183.0,288
2022-03-11,110.50520833333333,92.0,62.0,203.0,288
2022-03-12,128.93229166666666,128.29710144927537,85.0,209.0,288
2022-03-13,135.02256944444446,122.83333333333334,99.0,219.0,288
2022-03-14,124.83159722222223,116.83333333333334,70.0,222.0,288
2022-03-15,105.20659722222223,105.0,52.0,176.0,288
2022-03-16,141.41493055555554,139.0,87.0,253.0,288
2022-03-17,131.17534722222223,122.16666666666666,67.0,192.0,288
2022-03-18,126.15128968253968,124.33333333333331,91.0,189.0,288
2022-03-19,125.89732142857143,127.0,69.0,176.0,288
2022-03-20,137.54340277777777,134.0,75.0,203.0,288
2022-03-21,129.90451388888889,127.66666666666666,59.0,186.0,288
2022-03-22,129.49392361111111,126.375,69.0,187.0,288
2022-03-23,126.796875,123.0,74.0,201.0,288
2022-03-24,117.14583333333333,121.43333333333331,60.0,169.0,288
2022-03-25,118.453125,113.83333333333334,83.0,200.0,288
2022-03-26,107.28172348484848,104.13636363636364,68.0,160.0,288
2022-03-27,121.96133207070709,122.1,70.0,183.0,288
2022-03-28,128.14930555555554,129.0,70.0,196.0,288
2022-03-29,134.19444444444446,134.16666666666669,73.0,205.0,288
2022-03-30,132.77777777777777,131.0,72.0,179.0,288
2022-03-31,112.20833333333333,111.0,74.0,185.0,288
2022-04-01,142.63888888888889,147.0,91.0,180.0,288
2022-04-02,126.35818713450291,123.83333333333334,62.0,193.0,288
2022-04-03,120.26681286549709,124.16666666666666,69.0,182.0,288
2022-04-04,117.09895833333333,120.66666666666666,67.0,184.0,288
2022-04-05,143.10763888888889,146.16666666666669,102.0,189.0,288
2022-04-06,136.67534722222223,136.0,84.0,202.0,288
2022-04-07,136.26736111111111,135.66666666666669,67.0,197.0,288
2022-04-08,138.61111111111111,141.5,66.16666666666667,224.0,288
2022-04-09,134.28993055555554,132.16666666666669,66.0,189.0,288
2022-04-10,125.74131944444444,130.8452380952381,89.0,179.0,288
2022-04-11,131.41493055555554,126.0,53.0,216.0,288
2022-04-12,141.68923611111111,140.83333333333331,57.0,269.0,288
2022-04-13,136.00902777777776,136.16666666666669,72.0,210.0,288
2022-04-14,119.54340277777777,119.33333333333331,58.0,203.0,288
2022-04-15,122.63194444444444,116.33333333333334,69.0,189.0,288
2022-04-16,118.85416666666667,116.66666666666666,67.0,192.0,288
2022-04-17,151.66145833333334,152.33333333333334,92.0,198.0,288
2022-04-18,128.04861111111111,126.65151515151516,95.0,153.8080808080808,288
2022-04-19,135.98958333333334,135.0,93.0,193.0,288
2022-04-20,112.01041666666667,107.66666666666669,56.0,217.0,288
2022-04-21,108.77083333333333,104.33333333333331,64.0,181.0,288
2022-04-22,106.10590277777777,100.33333333333331,63.0,184.0,288
2022-04-23,100.80729166666667,101.95833333333334,53.0,199.0,288
2022-04-24,141.91840277777777,140.5,65.0,220.0,288
2022-04-25,139.77430555555554,132.50980392156862,96.0,212.0,288
2022-04-26,119.42361111111111,95.0,40.0,260.0,288
2022-04-27,144.1919642857143,140.95238095238096,81.0,249.0,288
2022-04-28,108.26636904761905,108.83333333333334,60.0,165.0,288
2022-04-29,112.17708333333333,113.0,68.0,225.0,288
2022-04-30,124.30381944444444,117.9,66.0,233.0,288
2022-05-01,142.70833333333334,140.0,68.0,204.0,288
2022-05-02,174.32291666666666,172.33333333333331,82.66666666666667,258.0,288
2022-05-03,160.45486111111111,161.5,53.0,250.0,288
2022-05-04,149.22916666666666,148.5,69.0,233.0,288
2022-05-05,133.27777777777777,126.0,74.0,210.0,288
2022-05-06,136.66493055555554,135.0,110.0,194.0,288
2022-05-07,134.72916666666666,138.5,61.0,189.0,288
2022-05-08,149.17013888888889,157.0,76.0,214.0,288
2022-05-09,161.165,160.1,108.0,231.0,288
2022-05-10,167.09541666666667,165.33333333333331,72.0,296.0,288
2022-05-11,118.76736111111111,109.26190476190476,50.0,229.0,288
2022-05-12,155.84027777777777,160.33333333333334,57.0,228.0,288
2022-05-13,140.703125,138.0,86.0,198.0,288
2022-05-14,128.25,131.5,60.0,208.0,288
2022-05-15,148.74826388888889,145.0,59.0,267.0,288
2022-05-16,143.14236111111111,144.0,87.0,218.0,288
2022-05-17,161.7763573232323,157.0,61.0,256.0,288
2022-05-18,132.37776412776412,127.77272727272728,92.0909090909091,173.0,148
